-- MySQL dump 10.13  Distrib 5.6.35, for Linux (x86_64)
--
-- Host: localhost    Database: vostorg_db
-- ------------------------------------------------------
-- Server version	5.7.21-20-beget-5.7.21-20-1-log

/*!40101 SET @OLD_CHARACTER_SET_CLIENT=@@CHARACTER_SET_CLIENT */;
/*!40101 SET @OLD_CHARACTER_SET_RESULTS=@@CHARACTER_SET_RESULTS */;
/*!40101 SET @OLD_COLLATION_CONNECTION=@@COLLATION_CONNECTION */;
/*!40101 SET NAMES utf8 */;
/*!40103 SET @OLD_TIME_ZONE=@@TIME_ZONE */;
/*!40103 SET TIME_ZONE='+00:00' */;
/*!40014 SET @OLD_UNIQUE_CHECKS=@@UNIQUE_CHECKS, UNIQUE_CHECKS=0 */;
/*!40014 SET @OLD_FOREIGN_KEY_CHECKS=@@FOREIGN_KEY_CHECKS, FOREIGN_KEY_CHECKS=0 */;
/*!40101 SET @OLD_SQL_MODE=@@SQL_MODE, SQL_MODE='NO_AUTO_VALUE_ON_ZERO' */;
/*!40111 SET @OLD_SQL_NOTES=@@SQL_NOTES, SQL_NOTES=0 */;

--
-- Table structure for table `category`
--

DROP TABLE IF EXISTS `category`;
/*!40101 SET @saved_cs_client     = @@character_set_client */;
/*!40101 SET character_set_client = utf8 */;
CREATE TABLE `category` (
  `id` int(11) NOT NULL AUTO_INCREMENT,
  `name` varchar(255) COLLATE utf8mb4_unicode_ci NOT NULL,
  `label` varchar(255) COLLATE utf8mb4_unicode_ci NOT NULL,
  `description` longtext COLLATE utf8mb4_unicode_ci,
  `created_at` datetime NOT NULL,
  `updated_at` datetime NOT NULL,
  PRIMARY KEY (`id`)
) ENGINE=InnoDB AUTO_INCREMENT=17 DEFAULT CHARSET=utf8mb4 COLLATE=utf8mb4_unicode_ci;
/*!40101 SET character_set_client = @saved_cs_client */;

--
-- Dumping data for table `category`
--

LOCK TABLES `category` WRITE;
/*!40000 ALTER TABLE `category` DISABLE KEYS */;
INSERT INTO `category` VALUES (1,'interior','Интерьер','Возможные варианты комплектаций мебели: спальни, гостиные, прихожие, детские','2018-10-31 20:08:27','2018-10-31 20:08:27'),(2,'hallway','Прихожая \"Джаз\"','Большой выбор прихожих из качественных материалов на любой вкус','2018-11-03 12:29:48','2018-11-07 11:54:13'),(4,'living-room','Гостиные','Гостиные различной комплектации, размеров, цветов, материалов','2018-11-03 12:41:20','2018-11-06 14:55:00'),(5,'bedroom','Спальни','Разнообразный выбор мебели для спальных комнат.','2018-11-06 16:18:34','2018-11-06 16:18:34'),(6,'bedroom','Спальня \"Мария-Луиза\"','Безупречность - в деталях! Серии «Мария-Луиза» - это воплощение изысканности и удобства. Эта мебель, без сомнения, станет главным украшением вашего дома: выбеленный оттенок, изящное изголовье у кровати с мягкой вставкой, резные детали на фасадах, шикарные и в то же время вместительные шкафы.','2018-11-06 16:29:02','2018-11-06 16:29:02'),(7,'childrensroom','Детские','Детские комнаты удобные, красивые из экологических материалов.','2018-11-07 11:12:21','2018-11-07 11:12:21'),(8,'childrensroom','Детская \"Принцесса\"','Модульная система \"Принцесса\" представлена разнообразными модулями, из которых можно сформировать детскую комнату по своему вкусу.','2018-11-07 11:19:39','2018-11-07 11:46:25'),(9,'hallway','Прихожие','Большой выбор прихожих из качественных материалов на любой вкус','2018-11-07 12:20:31','2018-11-07 13:33:53'),(10,'hallway','Прихожая \"Гретта\"','Прихожая \"Гретта\" уникальна во всех отношениях: продуманный дизайн, удобное зеркало и поразительная функциональность.','2018-11-07 17:39:41','2018-11-07 17:39:41'),(11,'hallway','Прихожая \"Ольга\"','Модульная система для прихожих \"Ольга\" имеет минимальную глубину шкафов, что позволит практично обустроить даже самую маленькую прихожую.','2018-11-08 13:43:00','2018-11-08 13:43:00'),(12,'living-room','Гостиная \"Элена\"','Модульная система для гостиной «Элена» станет настоящим украшением вашего дома, наполнит его уютом и подчеркнет стиль. Благодаря  стильному дизайну, сочетанию светлого и темного дерева прошитым экокожей, стенка впишется в любой интерьер.','2018-11-12 18:46:06','2018-11-12 18:46:06'),(13,'wardrobe','Шкафы','Огромный выбор шкафов распашных или купе, в различных размерах и большим количеством цветов.','2018-11-27 12:03:01','2018-11-27 12:03:01'),(14,'kitchen','Кухни','Огромный выбор готовых кухонных гарнитуров и исполнение проектов по Вашим личным размерам.','2018-11-27 12:04:38','2018-11-27 12:04:38'),(15,'transformer','Мебель трансформер','Мебель трансформер - это удобное оригинальное решение для любых помещений, особенно для самых маленьких.','2019-01-18 14:00:06','2019-01-18 14:00:06'),(16,'childrensroom','Детская \"Хаски\"','Детские комнаты удобные, красивые из экологических материалов.','2019-04-11 17:20:07','2019-04-11 17:20:07');
/*!40000 ALTER TABLE `category` ENABLE KEYS */;
UNLOCK TABLES;

--
-- Table structure for table `color`
--

DROP TABLE IF EXISTS `color`;
/*!40101 SET @saved_cs_client     = @@character_set_client */;
/*!40101 SET character_set_client = utf8 */;
CREATE TABLE `color` (
  `id` int(11) NOT NULL AUTO_INCREMENT,
  `label` varchar(255) COLLATE utf8mb4_unicode_ci NOT NULL,
  `photo_path` longtext COLLATE utf8mb4_unicode_ci,
  `updated_at` datetime NOT NULL,
  PRIMARY KEY (`id`)
) ENGINE=InnoDB AUTO_INCREMENT=15 DEFAULT CHARSET=utf8mb4 COLLATE=utf8mb4_unicode_ci;
/*!40101 SET character_set_client = @saved_cs_client */;

--
-- Dumping data for table `color`
--

LOCK TABLES `color` WRITE;
/*!40000 ALTER TABLE `color` DISABLE KEYS */;
INSERT INTO `color` VALUES (1,'Венге / Дуб молочный','/images/colors/Венге-молочный.jpg','2018-11-07 17:36:40'),(2,'Сантана / Сонома','/images/colors/Сантана-сонома.jpg','2018-11-07 17:36:48'),(3,'Анкор темный / Анкор белый','/images/colors/Анкортемный-светлый.jpg','2018-11-07 17:36:58'),(4,'Венге / Сонома','/images/colors/Венге-сонома.jpg','2018-11-07 17:37:14'),(5,'Анкор темный','/images/colors/Анкор темный.jpg','2018-11-06 14:42:23'),(6,'Анкор белый','/images/colors/Анкор белый.jpg','2018-11-06 14:42:43'),(7,'Бодега / Белый глянец','/images/colors/БодегаБелый глянец.jpg','2018-11-07 17:37:28'),(8,'Сонома','/images/colors/Сонома.jpg','2018-11-07 13:32:14'),(9,'Ясень черный / Сонома','/images/colors/Ясень черный Сонома.jpg','2018-11-07 17:36:25'),(10,'Дуб Сакраменто / Белый глянец','/images/colors/Сакраменто Белый глянец.jpg','2018-11-08 13:37:42'),(11,'Ясень черный / Белый глянец','/images/colors/Ясень черный Белый глянец.jpg','2018-11-08 13:38:24'),(12,'Венге / Ясень шимо светлый','/images/colors/Венге Шимо.jpg','2018-11-08 13:39:20'),(13,'Ясень черный / Бодега белая','/images/colors/Ясень черный бодега.jpg','2018-11-08 15:44:18'),(14,'Венге / Анкор белый','/images/colors/Венге  Анкор белый.jpg','2018-11-22 13:41:51');
/*!40000 ALTER TABLE `color` ENABLE KEYS */;
UNLOCK TABLES;

--
-- Table structure for table `firm`
--

DROP TABLE IF EXISTS `firm`;
/*!40101 SET @saved_cs_client     = @@character_set_client */;
/*!40101 SET character_set_client = utf8 */;
CREATE TABLE `firm` (
  `id` int(11) NOT NULL AUTO_INCREMENT,
  `name` varchar(255) COLLATE utf8mb4_unicode_ci NOT NULL,
  `label` varchar(255) COLLATE utf8mb4_unicode_ci NOT NULL,
  `description` varchar(255) COLLATE utf8mb4_unicode_ci DEFAULT NULL,
  `page_description` longtext COLLATE utf8mb4_unicode_ci,
  `keywords` longtext COLLATE utf8mb4_unicode_ci,
  `updated_at` datetime NOT NULL,
  `deleted_at` datetime DEFAULT NULL,
  `photo_path` longtext COLLATE utf8mb4_unicode_ci,
  PRIMARY KEY (`id`)
) ENGINE=InnoDB AUTO_INCREMENT=7 DEFAULT CHARSET=utf8mb4 COLLATE=utf8mb4_unicode_ci;
/*!40101 SET character_set_client = @saved_cs_client */;

--
-- Dumping data for table `firm`
--

LOCK TABLES `firm` WRITE;
/*!40000 ALTER TABLE `firm` DISABLE KEYS */;
INSERT INTO `firm` VALUES (1,'garun','Кровати-трансформеры и Модульная система','(более 500 модулей!) Санкт-Петербург','Модульная система ГАРУН-К представлена широчайшей линейкой более чем из 400 готовых изделий. Помимо этого,  Вы можете самостоятельно создать уникальный мебельный элемент по своему вкусу, используя стандартные детали,  как конструктор.','кровати-трансформеры, модульная система, мебель воронеж, гостиные, прихожие, детские, библиотеки,','2018-10-26 21:58:16',NULL,'/images/mainPage/garun.png'),(2,'premium','Премиум-класс','Ижевск, Пенза','Вогнутые и выпуклые шкафы, мебель премиум класса в салоне г. Воронежа \"Восторг\"','выпуклая мебель, вогнутая мебель, мебель воронеж, гостиные, прихожие, детские, библиотеки, мебель премиум-класса','2018-10-26 22:03:21','2018-10-26 22:03:50','/images/mainPage/premium.jpg'),(3,'smarty','Трансформер','SMARTY (г. Пенза)','Мебель-трансформер','мебель-трансформер','2018-10-26 22:05:15',NULL,'/images/mainPage/smarty.jpg'),(4,'premium','Премиум-класс','Ижевск, Пенза','Вогнутые и выпуклые шкафы, мебель премиум класса в салоне г. Воронежа \"Восторг\"','выпуклая мебель, вогнутая мебель, мебель воронеж, гостиные, прихожие, детские, библиотеки, мебель премиум-класса','2018-10-26 22:05:50',NULL,'/images/mainPage/premium.jpg'),(5,'custom-made','Мебель на заказ','г. Пенза','Мебель на заказ по Вашим эскизам','мебель на заказ, шкаф-купе,','2018-11-01 14:09:37',NULL,'/images/mainPage/custom-made.jpg'),(6,'econom','Эконом','г. Пенза','Элегантная функциональная мебель по приятным ценам','Спальни, детские, гостиные, мебель по низким ценам, мебель в воронеже','2018-11-01 14:21:11',NULL,'/images/mainPage/econom.jpg');
/*!40000 ALTER TABLE `firm` ENABLE KEYS */;
UNLOCK TABLES;

--
-- Table structure for table `migration_versions`
--

DROP TABLE IF EXISTS `migration_versions`;
/*!40101 SET @saved_cs_client     = @@character_set_client */;
/*!40101 SET character_set_client = utf8 */;
CREATE TABLE `migration_versions` (
  `version` varchar(255) COLLATE utf8_unicode_ci NOT NULL,
  PRIMARY KEY (`version`)
) ENGINE=InnoDB DEFAULT CHARSET=utf8 COLLATE=utf8_unicode_ci;
/*!40101 SET character_set_client = @saved_cs_client */;

--
-- Dumping data for table `migration_versions`
--

LOCK TABLES `migration_versions` WRITE;
/*!40000 ALTER TABLE `migration_versions` DISABLE KEYS */;
INSERT INTO `migration_versions` VALUES ('20181026185642');
/*!40000 ALTER TABLE `migration_versions` ENABLE KEYS */;
UNLOCK TABLES;

--
-- Table structure for table `photo`
--

DROP TABLE IF EXISTS `photo`;
/*!40101 SET @saved_cs_client     = @@character_set_client */;
/*!40101 SET character_set_client = utf8 */;
CREATE TABLE `photo` (
  `id` int(11) NOT NULL AUTO_INCREMENT,
  `product_id` int(11) DEFAULT NULL,
  `name` varchar(255) COLLATE utf8_unicode_ci NOT NULL,
  `path` varchar(255) COLLATE utf8_unicode_ci NOT NULL,
  `description` longtext COLLATE utf8_unicode_ci,
  `firm_id` int(11) DEFAULT NULL,
  PRIMARY KEY (`id`),
  UNIQUE KEY `UNIQ_14B7841889AF7860` (`firm_id`),
  UNIQUE KEY `UNIQ_14B784184584665A` (`product_id`),
  CONSTRAINT `FK_14B784184584665A` FOREIGN KEY (`product_id`) REFERENCES `product` (`id`),
  CONSTRAINT `FK_14B7841889AF7860` FOREIGN KEY (`firm_id`) REFERENCES `firm` (`id`)
) ENGINE=InnoDB AUTO_INCREMENT=6 DEFAULT CHARSET=utf8 COLLATE=utf8_unicode_ci;
/*!40101 SET character_set_client = @saved_cs_client */;

--
-- Dumping data for table `photo`
--

LOCK TABLES `photo` WRITE;
/*!40000 ALTER TABLE `photo` DISABLE KEYS */;
INSERT INTO `photo` VALUES (1,NULL,'garun.png','/images/mainPage/',NULL,1),(2,NULL,'premium.jpg','/images/mainPage/',NULL,2),(3,NULL,'smarty.jpg','/images/mainPage/',NULL,3),(4,NULL,'custom-made.jpg','/images/mainPage/',NULL,4),(5,NULL,'econom.jpg','/images/mainPage/',NULL,5);
/*!40000 ALTER TABLE `photo` ENABLE KEYS */;
UNLOCK TABLES;

--
-- Table structure for table `product`
--

DROP TABLE IF EXISTS `product`;
/*!40101 SET @saved_cs_client     = @@character_set_client */;
/*!40101 SET character_set_client = utf8 */;
CREATE TABLE `product` (
  `id` int(11) NOT NULL AUTO_INCREMENT,
  `category_id` int(11) DEFAULT NULL,
  `firm_id` int(11) DEFAULT NULL,
  `vendor_code` varchar(100) COLLATE utf8mb4_unicode_ci NOT NULL,
  `description` varchar(255) COLLATE utf8mb4_unicode_ci DEFAULT NULL,
  `page_description` longtext COLLATE utf8mb4_unicode_ci,
  `keywords` longtext COLLATE utf8mb4_unicode_ci,
  `updated_at` datetime NOT NULL,
  `photo_path` longtext COLLATE utf8mb4_unicode_ci,
  `deleted_at` datetime DEFAULT NULL,
  PRIMARY KEY (`id`),
  KEY `IDX_D34A04AD12469DE2` (`category_id`),
  KEY `IDX_D34A04AD89AF7860` (`firm_id`),
  CONSTRAINT `FK_D34A04AD12469DE2` FOREIGN KEY (`category_id`) REFERENCES `category` (`id`),
  CONSTRAINT `FK_D34A04AD89AF7860` FOREIGN KEY (`firm_id`) REFERENCES `firm` (`id`)
) ENGINE=InnoDB AUTO_INCREMENT=191 DEFAULT CHARSET=utf8mb4 COLLATE=utf8mb4_unicode_ci;
/*!40101 SET character_set_client = @saved_cs_client */;

--
-- Dumping data for table `product`
--

LOCK TABLES `product` WRITE;
/*!40000 ALTER TABLE `product` DISABLE KEYS */;
INSERT INTO `product` VALUES (1,9,6,'Джаз-1','Модульная система: создайте свою комбинацию из предлагаемых модулей. Угловое размещение и вдоль стены.','Модульная система: создайте свою комбинацию из предлагаемых модулей. Угловое размещение и вдоль стены.','мебель воронеж, прихожая, модульная прихожая, мебель дёшево','2018-11-07 12:24:46','/images/products/econom/Прихожая Джаз комплектация 1.jpg',NULL),(2,2,3,'Поло-7','Супер-функциональная гостиная. Цвета в ассортименте.','Супер-функциональная гостиная. Цвета в ассортименте.','мебель воронеж, гостиная, функциональная гостиная, мебель дёшево','2018-11-03 12:55:45','/images/products/smarty/Поло 7 сантана.jpg','2018-11-06 14:44:46'),(3,4,6,'Поло-7','Габариты: 2650 х 2064 х 510 мм. Ниша под ТВ: 1500 х 780 мм.',NULL,'мебель воронеж, гостиная, функциональная гостиная, мебель дёшево','2018-11-22 13:47:32','/images/products/econom/Поло 7 сантана.jpg',NULL),(4,4,6,'Палермо-2','Габариты: 3500 х 2064 х 510 мм. Ниша под ТВ: 1200 х 830 мм.',NULL,'мебель воронеж, гостиная, функциональная гостиная, мебель дёшево','2018-11-22 13:49:11','/images/products/econom/Палермо 2 венге.jpg',NULL),(5,4,6,'Гармония-2','Габариты: 2870 х 2080 х 510 мм. Ниша под ТВ: 1220 х 737 мм.',NULL,'мебель воронеж, гостиная, функциональная гостиная, мебель дёшево','2018-11-22 13:46:27','/images/products/econom/Гармония-2 сантана.jpg',NULL),(6,4,6,'Гармония-4','Габариты: 2100 х 1904 х 480 мм. Ниша под ТВ: 1150 х 730 мм.',NULL,'мебель воронеж, гостиная, функциональная гостиная, мебель дёшево','2018-11-22 13:54:20','/images/products/econom/Гармония 4 сантана.jpg',NULL),(7,5,6,'Бася-3','Простая, удобная и эргономичная спальня.',NULL,'мебель воронеж, спальня, удобная спальня, мебель дёшево','2018-11-06 16:22:16','/images/products/econom/Бася 3.jpg',NULL),(8,6,4,'М-Л Кровать 1400','Кровать \"Мария-Луиза\" с ортопедическим основанием или с подъемным механизмом. Спальное место 1400 х 2000 мм.',NULL,'мебель воронеж, классический стиль, функциональная, спальня, качественная мебель','2018-11-06 16:43:26','/images/products/premium/Кровать Мария-Луиза 1464.jpg',NULL),(9,6,4,'М-Л Кровать 1600','Кровать \"Мария-Луиза\" с ортопедическим основанием или с подъемным механизмом. Спальное место 1600 х 2000 мм.',NULL,'мебель воронеж, классический стиль, функциональная, спальня, качественная мебель','2018-11-06 16:46:09','/images/products/premium/Кровать Мария-Луиза 1664.jpg',NULL),(10,6,4,'М-Л Угловой шкаф','Габариты: 900 х 900, 2300, 450 мм.',NULL,'мебель воронеж, классический стиль, функциональная, спальня, качественная мебель','2018-11-07 17:20:38','/images/products/premium/shkaf_uglovoy_mariya_luiza_0.jpg',NULL),(11,6,4,'М-Л Шкаф 4-х створчатый','Габариты: 1600 х 2300 х 550 мм.',NULL,'мебель воронеж, классический стиль, функциональная, спальня, качественная мебель','2018-11-07 17:21:05','/images/products/premium/shkaf_4-h_stvorchatyy_mariya-luiza.jpg',NULL),(12,6,4,'М-Л Шкаф 3-х створчатый','Габариты: 1350 х 2300 х 550 мм.',NULL,'мебель воронеж, классический стиль, функциональная, спальня, качественная мебель','2018-11-07 17:21:27','/images/products/premium/m-luiza_3_stvorki_800h600_0.jpg',NULL),(13,6,4,'М-Л Шкаф 2-х створчатый','Габариты: 900 х 2300 х 550 мм.',NULL,'мебель воронеж, классический стиль, функциональная, спальня, качественная мебель','2018-11-07 17:22:00','/images/products/premium/shkaf_2-h_stvorchatyy_mariya-luiza_0.jpg',NULL),(14,6,4,'М-Л Комод с 4 ящиками','Габариты: 800 х 990 х 450 мм. Механизм выдвижения ящиков - шариковый.',NULL,'мебель воронеж, классический стиль, функциональная, спальня, качественная мебель','2018-11-07 17:22:20','/images/products/premium/komod_990_mariya-luiza.jpg',NULL),(15,6,4,'М-Л Комод с 3 ящиками','Габариты: 800 х 750 х 450 мм. Механизм выдвижения ящиков - шариковый.',NULL,'мебель воронеж, классический стиль, функциональная, спальня, качественная мебель','2018-11-07 17:22:36','/images/products/premium/komod_750_mariya-luiza_0.jpg',NULL),(16,6,4,'М-Л Трюмо','Габариты: 1200 х 1800 х 480 мм. Механизм выдвижения ящиков - шариковый.',NULL,'мебель воронеж, классический стиль, функциональная, спальня, качественная мебель','2018-11-07 17:23:01','/images/products/premium/tryumo_mariya-luiza_0.jpg',NULL),(17,6,4,'М-Л Зеркало','Зеркало в классическом стиле с полкой.',NULL,'мебель воронеж, классический стиль, функциональная, спальня, качественная мебель','2018-11-07 17:23:18','/images/products/premium/Зеркало навесное Мария-Луиза.jpg',NULL),(18,6,4,'М-Л Тумба ТВ','Габариты: 1200 х 740 х 550 мм.',NULL,'мебель воронеж, классический стиль, функциональная, спальня, качественная мебель','2018-11-07 17:23:31','/images/products/premium/m-l_gostinaya_tumba_tv_1_0.jpg',NULL),(19,6,4,'М-Л Тумба с 2 ящиками','Габариты: 450 х 400 х 430 мм.',NULL,'мебель воронеж, классический стиль, функциональная, спальня, качественная мебель','2018-11-06 17:16:04','/images/products/premium/6f92d06e4d7c9c4ba60b1a3b5285bd64.jpg',NULL),(20,6,4,'М-Л Тумба с нишей','Габариты: 450 х 450 х 430 мм.',NULL,'мебель воронеж, классический стиль, функциональная спальня, качественная мебель','2018-11-07 17:23:56','/images/products/premium/tumbochka_prikrovatnaya_mariya_luiza.jpg',NULL),(21,9,6,'Джаз-2','Модульная система: создайте свою комбинацию из предлагаемых модулей. Угловое размещение и вдоль стены.',NULL,'мебель воронеж, прихожая, модульная прихожая, мебель дёшево','2018-11-07 12:22:34','/images/products/econom/Прихожая Джаз комплектация 2.jpg',NULL),(22,8,6,'ПРН Кровать 800','Габариты: 2040 х 700 х 860 мм. Спальное место: 800 х 2000 мм.',NULL,'мебель воронеж, детская, модульная детская, мебель дёшево','2018-11-07 11:24:07','/images/products/econom/ПРН.09 кровать с 2 ящ.jpg',NULL),(23,8,6,'ПРН Кровать 2-х ярусная','Габариты: 2040 х 1700 х 1000 мм. Спальное место: 800 х 2000 мм.',NULL,'мебель воронеж, детская, модульная детская, мебель дёшево','2018-11-07 11:25:58','/images/products/econom/ПРН.10 Кровать 2х-яр.jpg',NULL),(24,8,6,'ПРН Шкаф угловой','Габариты: 850 х 850, 2064, 390 мм. Наполнение: штанга и полки.',NULL,'мебель воронеж, детская, модульная детская, мебель дёшево','2018-11-07 11:50:12','/images/products/econom/ПРН.13 Шкаф угловой.jpg',NULL),(25,8,6,'ПРН Шкаф 800','Габариты: 800 х 2064 х 390 мм. Наполнение: выдвижной кронштейн и полки.',NULL,'мебель воронеж, детская, модульная детская, мебель дёшево','2018-11-07 11:31:11','/images/products/econom/ПРН.11.jpg',NULL),(26,8,6,'ПРН Шкаф 600','Габариты: 600 х 2064 х 390 мм. Наполнение: полки.',NULL,'мебель воронеж, детская, модульная детская, мебель дёшево','2018-11-07 11:33:09','/images/products/econom/ПРН.12.jpg',NULL),(27,8,6,'ПРН Пенал 400','Габариты: 400 х 2064 х 390 мм. Наполнение: полки.',NULL,'мебель воронеж, детская, модульная детская, мебель дёшево','2018-11-07 11:36:00','/images/products/econom/ПРН.08 Пенал.jpg',NULL),(28,8,6,'ПРН Пенал 450','Габариты: 450 х 2064 х 390 мм.',NULL,'мебель воронеж, детская, модульная детская, мебель дёшево','2018-11-07 11:40:34','/images/products/econom/ПРН.01.jpg',NULL),(29,8,6,'ПРН Стеллаж','Габариты: 390 х 2064 х 390 мм.',NULL,'мебель воронеж, детская, модульная детская, мебель дёшево','2018-11-07 11:43:16','/images/products/econom/ПРН.05 Терминал.jpg',NULL),(30,8,6,'ПРН Комод','Габариты: 800 х 720 х 390 мм.',NULL,'мебель воронеж, детская, модульная детская, мебель дёшево','2018-11-07 11:44:58','/images/products/econom/ПРН.04 Комод 3ящ.jpg',NULL),(31,8,6,'ПРН Тумба','Габариты: 400 х 420 х 350 мм.',NULL,'мебель воронеж, детская, модульная детская, мебель дёшево','2018-11-07 11:47:19','/images/products/econom/ПРН.03 Тумба прикроватная.jpg',NULL),(32,8,6,'ПРН Письменный стол','Габариты: 1100 х 786 х 530 мм.',NULL,'мебель воронеж, детская, модульная детская, мебель дёшево','2018-11-07 11:49:38','/images/products/econom/ПРН.02 Стол.jpg',NULL),(33,8,6,'ПРН Антресоль','Габариты: 1100 х 450 х 240 мм.',NULL,'мебель воронеж, детская, модульная детская, мебель дёшево','2018-11-07 11:51:31','/images/products/econom/ПРН.06 Навес.jpg',NULL),(34,2,6,'ДЖЗ Шкаф угловой','Габариты: 743 х 743, 2022 х 360 мм. Наполнение: штанга и полки.',NULL,'мебель воронеж, прихожая, модульная прихожая, мебель дёшево','2018-11-07 11:57:03','/images/products/econom/ДЖЗ.03 Шкаф угловой.jpg',NULL),(35,2,6,'ДЖЗ Шкаф 550','Габариты: 550 х 2022 х 360 мм. Наполнение: выдвижной кронштейн.',NULL,'мебель воронеж, прихожая, модульная прихожая, мебель дёшево','2018-11-07 12:01:01','/images/products/econom/ДЖЗ.04 Шкаф 1 дв.jpg',NULL),(36,2,6,'ДЖЗ Пенал','Габариты: 450 х 2022 х 360 мм. Наполнение: полки.',NULL,'мебель воронеж, прихожая, модульная прихожая, мебель дёшево','2018-11-07 12:02:21','/images/products/econom/ДЖЗ.05 Пенал.jpg',NULL),(37,2,6,'ДЖЗ Пенал с ящиками','Габариты: 450 х 2022 х 360 мм.',NULL,'мебель воронеж, прихожая, модульная прихожая, мебель дёшево','2018-11-07 12:04:17','/images/products/econom/ДЖЗ.07 Пенал с 2 ящиками.jpg',NULL),(38,2,6,'ДЖЗ Стеллаж','Габариты: 270 х 2022 х 360 мм.',NULL,'мебель воронеж, прихожая, модульная прихожая, мебель дёшево','2018-11-07 12:05:09','/images/products/econom/ДЖЗ.06 Терминал.jpg',NULL),(39,2,6,'ДЖЗ Тумба с зеркалом','Габариты: 550 х 2022 х 360 мм.',NULL,'мебель воронеж, прихожая, модульная прихожая, мебель дёшево','2018-11-07 12:07:11','/images/products/econom/ДЖЗ.02 тумба с зеркалом.jpg',NULL),(40,2,6,'ДЖЗ Вешалка','Габариты: 550 х 2022 х 360 мм.',NULL,'мебель воронеж, прихожая, модульная прихожая, мебель дёшево','2018-11-07 12:09:14','/images/products/econom/ДЖЗ.01 Вешалка.jpg',NULL),(41,9,6,'София-1','Габариты: 1000 х 2100 х 430 мм.',NULL,'мебель воронеж, прихожая, компактная прихожая, мебель дёшево','2018-11-07 13:35:22','/images/products/econom/София 1 Анкор белый.jpg',NULL),(42,9,6,'София-8','Габариты: 1000 х 1996 х 340 мм.',NULL,'мебель воронеж, прихожая, компактная прихожая, мебель дёшево','2018-11-07 13:37:11','/images/products/econom/Sofia 8 Ankor svetl.jpg',NULL),(43,9,6,'София-9','Габариты: 1100 х 2022 х 360 мм.',NULL,'мебель воронеж, прихожая, компактная прихожая, мебель дёшево','2018-11-07 13:38:32','/images/products/econom/Sofia 9.jpg',NULL),(44,9,6,'София-10','Габариты: 1050 х 2022 х 360 мм. Шкаф: 600 х 2022 х 360 мм.',NULL,'мебель воронеж, прихожая, компактная прихожая, мебель дёшево','2018-11-07 13:41:13','/images/products/econom/Sofia 10 ankor temn.jpg',NULL),(45,6,4,'М-Л Пенал 400','Габариты: 450 х 2300 х 550 мм. Наполнение: полки.',NULL,'мебель воронеж, классический стиль, функциональная спальня, качественная мебель','2018-11-07 17:26:59','/images/products/premium/Гостиная Мария-Луиза пенал.jpg',NULL),(46,10,4,'Гретта-1','Габариты: 900 х 2000 х 270 мм.  Размер зеркала: 292*860 мм.',NULL,'мебель воронеж, компактная прихожая, функциональная прихожая, качественная мебель','2018-11-07 17:42:22','/images/products/premium/gretta_modul_1.png',NULL),(47,10,4,'Гретта-2','Габариты: 900 х 2000 х 270 мм. Размер зеркала: 292*860 мм.',NULL,'мебель воронеж, прихожая, модульная прихожая, компактная прихожая, качественная мебель','2018-11-07 17:45:35','/images/products/premium/gretta_modul_2.png',NULL),(48,10,4,'Гретта-3','Габариты: 550 х 2000 х 350 мм. Наполнение: выдвижной кронштейн.',NULL,'мебель воронеж, прихожая, компактная прихожая, модульная прихожая, качественная мебель','2018-11-07 19:24:50','/images/products/premium/gretta_modul_3.png',NULL),(49,11,4,'ОЛГ №1','Габариты: 800 х 2000 х 350 мм.  Размер зеркала: 292 х 860 мм.',NULL,'мебель воронеж, прихожая, модульная прихожая, компактная прихожая, качественная мебель','2018-11-08 13:47:06','/images/products/premium/prihozhaya_olga_mrdul1.jpg',NULL),(50,11,4,'ОЛГ №2','Габариты: 800 х 2000 х 350 мм. Размер зеркала: 296 х 1450 мм.',NULL,'мебель воронеж, прихожая, модульная прихожая, компактная прихожая, качественная мебель','2018-11-08 13:48:44','/images/products/premium/prihozhaya_olga_mrdul_2.jpg',NULL),(51,11,4,'ОЛГ №3','Габариты: 600 х 2000 х 350 мм.',NULL,'мебель воронеж, прихожая, модульная прихожая, компактная прихожая, качественная мебель','2018-11-08 13:50:30','/images/products/premium/prihozhaya_olga_mrdul_3.jpg',NULL),(52,11,4,'ОЛГ №3.1','Габариты: 600 х 2000 х 350 мм.',NULL,'мебель воронеж, прихожая, модульная прихожая, компактная прихожая, качественная мебель','2018-11-08 13:51:40','/images/products/premium/olga_3.1800-600.png',NULL),(53,11,4,'ОЛГ №4','Габариты: 1100 х 2000 х 350 мм. Размер зеркала: 296 х 1450 мм.',NULL,'мебель воронеж, прихожая, модульная прихожая, компактная прихожая, качественная мебель','2018-11-08 13:54:57','/images/products/premium/modul_4_800h600_0.png',NULL),(54,11,4,'ОЛГ №5','Габариты: 800 х 600 х 350 мм.',NULL,'мебель воронеж, прихожая, модульная прихожая, компактная прихожая, качественная мебель','2018-11-08 13:56:32','/images/products/premium/olga_5.png',NULL),(55,11,4,'ОЛГ №5.1','Габариты: 510 х 450 х 360 мм.',NULL,'мебель воронеж, прихожая, модульная прихожая, компактная прихожая, качественная мебель','2018-11-08 13:58:00','/images/products/premium/olga_5.1_800-600.png',NULL),(56,11,4,'ОЛГ №6','Габариты: 800 х 1350 х 270 мм. Размер зеркала: 292 х 860 мм.',NULL,'мебель воронеж, прихожая, модульная прихожая, компактная прихожая, качественная мебель','2018-11-08 13:59:40','/images/products/premium/olga_6.png',NULL),(57,11,4,'ОЛГ №6.1','Габариты: 510 х 1350 х 310 мм.',NULL,'мебель воронеж, прихожая, модульная прихожая, компактная прихожая, качественная мебель','2018-11-08 14:14:53','/images/products/premium/olga_6.1_800-600_0.png',NULL),(58,11,4,'ОЛГ №7','Габариты: 350 х2000 х 350 мм.',NULL,'мебель воронеж, прихожая, модульная прихожая, компактная прихожая, качественная мебель','2018-11-08 14:16:18','/images/products/premium/olga_7.png',NULL),(59,11,4,'ОЛГ №8','Габариты: 350 х 2000 х 350 мм.',NULL,'мебель воронеж, прихожая, модульная прихожая, компактная прихожая, качественная мебель','2018-11-08 14:17:25','/images/products/premium/olga_8_revers.png',NULL),(60,11,4,'ОЛГ №9','Габариты: 660 х 660, 2000, 350 мм. Размер зеркала: 296 х 1450 мм.',NULL,'мебель воронеж, прихожая, модульная прихожая, компактная прихожая, качественная мебель','2018-11-08 14:27:09','/images/products/premium/olga_9.png',NULL),(61,11,4,'ОЛГ №9.1','Габариты: 660 х 660, 2000, 350 мм.',NULL,'мебель воронеж, прихожая, модульная прихожая, компактная прихожая, качественная мебель','2018-11-08 14:23:39','/images/products/premium/olga_9_1_anfas.jpg',NULL),(62,11,4,'ОЛГ №9.2','Габариты: 660 х 660, 2000, 350 мм. Размер зеркала: 296 х 1450 мм.',NULL,'мебель воронеж, прихожая, модульная прихожая, компактная прихожая, качественная мебель','2018-11-08 14:25:25','/images/products/premium/olga_9_2_anfas.png',NULL),(63,12,4,'Элена №1 (основа)','Габариты: 2200 х 1950 х 460 мм.',NULL,'мебель воронеж, стильная гостиная, функциональная гостиная, качественная мебель','2018-11-12 18:49:16','/images/products/premium/Основа Элена .png','2019-01-25 11:19:45'),(64,12,4,'Элена ТВ-тумба','Габариты: 1200 х 350 х 460 мм.',NULL,'мебель воронеж, стильная гостиная, функциональная гостиная, качественная мебель','2018-11-12 18:51:24','/images/products/premium/ЭЛЕНА В ЧЁРНОМ ТВ-тумба .png','2019-01-25 11:19:45'),(65,12,4,'Элена Комод','Габариты: 1260 х 800 х 460 мм.',NULL,'мебель воронеж, стильная гостиная, функциональная гостиная, качественная мебель','2018-11-12 18:52:51','/images/products/premium/ЭЛЕНА В ЧЁРНОМ комод .png','2019-01-25 11:19:45'),(66,12,4,'Элена 2-х створчатый шкаф','Габариты: 800 х 1950 х 460 мм.',NULL,'мебель воронеж, стильная гостиная, функциональная гостиная, качественная мебель','2018-11-12 19:01:26','/images/products/premium/elena_shkaf_dlya_odezhdy.jpg','2019-01-25 11:20:02'),(67,12,4,'Элена Пенал','Габариты: 400 х 1950 х 460 мм.',NULL,'мебель воронеж, стильная гостиная, функциональная гостиная, качественная мебель','2018-11-12 19:03:13','/images/products/premium/elena_shkaf_penal.jpg','2019-01-25 11:20:02'),(68,12,4,'Элена Сервант','Габариты: 400 х 1950 х 460 мм.',NULL,'мебель воронеж, стильная гостиная, функциональная гостиная, качественная мебель','2018-11-12 19:03:37','/images/products/premium/elena_shkaf_servant.jpg','2019-01-25 11:20:02'),(69,12,4,'Элена Стеллаж','Габариты: 400 х 1950 х 460 мм.',NULL,'мебель воронеж, стильная гостиная, функциональная гостиная, качественная мебель','2018-11-12 19:02:48','/images/products/premium/elena_shkaf_stellazh_uglovoy.jpg','2019-01-25 11:20:16'),(70,4,6,'Гармония-3','Габариты: 2250 х 1900 х 440 мм. Ниша под ТВ: 1230 х 820 мм.',NULL,'мебель воронеж, гостиная, функциональная гостиная, мебель дёшево','2018-11-22 13:48:37','/images/products/econom/Гармония-3 венге.jpg',NULL),(71,4,6,'Монако','Габариты: 3435 х 2150 х 545 мм. Ниша под ТВ: 1400 х 800 мм.',NULL,'мебель воронеж, гостиная, функциональная гостиная, мебель дёшево','2018-11-22 13:20:50','/images/products/econom/Монако сантана.jpg',NULL),(72,4,6,'Поло-5','Габариты: 1500 х 1690 х 420 мм. Ниша под ТВ: 1100 х 730 мм.',NULL,'мебель воронеж, гостиная, функциональная гостиная, мебель дёшево','2018-11-22 13:51:01','/images/products/econom/Поло-5 венге.jpg',NULL),(73,4,6,'Трио','Габариты: 2660 х 2100 х 510 мм. Ниша под ТВ: 1240 х 810 мм.',NULL,'мебель воронеж, гостиная, функциональная гостиная, мебель дёшево','2018-11-22 13:28:46','/images/products/econom/Трио сантана.jpg','2018-11-22 13:51:18'),(74,4,6,'Индиго','Габариты: 3100 х 2090 х 520 мм. Ниша под ТВ: 1000 х 864 мм.',NULL,'мебель воронеж, гостиная, функциональная гостиная, мебель дёшево','2018-11-22 13:45:22','/images/products/econom/Индиго венге.jpg',NULL),(75,4,5,'Бостон','Габариты: 3000 х 2050 х 525 мм. Огромный ассортимент цветовых решений.',NULL,'мебель воронеж, гостиная, функциональная гостиная, мебель на заказ','2018-11-23 11:18:40','/images/products/custom-made/Boston.jpg',NULL),(76,4,5,'Бостон-3','Габариты: 3000 х 2150 х 525 мм. Огромный ассортимент цветовых решений.',NULL,'мебель воронеж, гостиная, функциональная гостиная, мебель на заказ','2018-11-23 11:19:54','/images/products/custom-made/boston_3.jpg',NULL),(77,4,5,'Бостон-4','Угловая гостиная. Огромный ассортимент цветовых решений.',NULL,'мебель воронеж, гостиная, функциональная гостиная, мебель на заказ','2018-11-23 11:21:28','/images/products/custom-made/boston_4.jpg',NULL),(78,4,5,'Бриз-2','Габариты: 2700 х 2200 х 570 мм. Огромный ассортимент цветовых решений.',NULL,'мебель воронеж, гостиная, функциональная гостиная, мебель на заказ','2018-11-23 11:24:23','/images/products/custom-made/briz_1.jpg',NULL),(79,4,5,'Бриз-3','Габариты: 3000 х 2150 х 575 мм. Огромный ассортимент цветовых решений.',NULL,'мебель воронеж, гостиная, функциональная гостиная, мебель на заказ','2018-11-23 11:25:26','/images/products/custom-made/briz_3.jpg',NULL),(80,4,5,'Бриз-4','Габариты: 3000 х 2150 х 575 мм. Огромный ассортимент цветовых решений.',NULL,'мебель воронеж, гостиная, функциональная гостиная, мебель на заказ','2018-11-23 11:26:32','/images/products/custom-made/briz_4.jpg',NULL),(81,4,5,'Елена-2','Габариты: 3000 х 2250 х 520 мм. Огромный ассортимент цветовых решений.',NULL,'мебель воронеж, гостиная, функциональная гостиная, мебель на заказ','2018-11-23 11:31:30','/images/products/custom-made/elena-2.jpg',NULL),(82,4,5,'Орион','Габариты: 3000 х 2050 х 525 мм. Огромный ассортимент цветовых решений.',NULL,'мебель воронеж, гостиная, функциональная гостиная, мебель на заказ','2018-11-23 11:34:45','/images/products/custom-made/orion.jpg',NULL),(83,4,5,'Орион-2','Габариты: 2800 х 2250 х 6000 мм. Огромный ассортимент цветовых решений.',NULL,'мебель воронеж, гостиная, функциональная гостиная, мебель на заказ','2018-11-23 11:35:53','/images/products/custom-made/orion_2.jpg',NULL),(84,4,5,'Орион-3','Габариты: 2700 х 2100 х 580 мм. Огромный ассортимент цветовых решений.',NULL,'мебель воронеж, гостиная, функциональная гостиная, мебель на заказ','2018-11-23 11:37:16','/images/products/custom-made/Орион-3.jpg',NULL),(85,4,5,'Орион-5','Габариты: 2800 х 2250 х 600 мм. Огромный ассортимент цветовых решений.',NULL,'мебель воронеж, гостиная, функциональная гостиная, мебель на заказ','2018-11-23 11:38:47','/images/products/custom-made/orion_5.jpg',NULL),(86,4,5,'Орфей-2','Габариты: 2850 х 1860 х 555 мм. Огромный ассортимент цветовых решений.',NULL,'мебель воронеж, гостиная, функциональная гостиная, мебель на заказ','2018-11-23 11:39:55','/images/products/custom-made/orfei_2.jpg',NULL),(87,4,5,'Кения-3','Габариты: 2800 х 2200 х 530 мм. Огромный ассортимент цветовых решений.',NULL,'мебель воронеж, гостиная, функциональная гостиная, мебель на заказ','2018-11-23 11:41:21','/images/products/custom-made/Кения3+комод.jpg',NULL),(88,5,5,'Валенсия-4','Спальня \"Валенсия\" имеет множество цветовых решений.',NULL,'мебель воронеж, функциональная спальня, современная спальня, качественная мебель','2018-11-27 11:33:04','/images/products/custom-made/valensia-4 (3).jpg',NULL),(89,5,5,'Венеция','Спальня \"Венеция\" имеет множество цветовых решений.',NULL,'мебель воронеж, функциональная спальня, качественная мебель, бюджетная мебель','2018-11-27 11:34:46','/images/products/custom-made/venecia.jpg',NULL),(90,5,5,'Кристина','Спальня \"Кристина\" имеет множество цветовых решений. Фасады спальни выполнены из рамочного МДФ со вставками экокожи.',NULL,'мебель воронеж, функциональная спальня, современная спальня, спальня с отделкой из экокожи, качественная мебель','2018-11-27 11:37:20','/images/products/custom-made/kristina.jpg',NULL),(91,7,5,'Лаура','Детская \"Лаура\" имеет множество цветовых решений. Эргономичное решение для детской -  двухъярусная выкатная кровать.',NULL,'мебель воронеж, детская, модульная детская, качественная мебель, удобная детская','2018-11-27 11:54:09','/images/products/custom-made/layra.jpg',NULL),(92,7,5,'Лаура-4','Детская \"Лаура-4\" имеет множество цветовых решений.',NULL,'мебель воронеж, детская, модульная детская, качественная мебель','2018-11-27 11:55:59','/images/products/custom-made/layra_4.jpg',NULL),(93,13,5,'Ретро','Широкая линейка размерного ряда, а так же шкафы-купе на заказ по Вашим личным размерам. Большое количество цветовых решений.',NULL,'мебель воронеж, шкафы-купе, шкафы-купе на заказ, качественная мебель','2018-11-27 12:09:25','/images/products/custom-made/retro.jpg',NULL),(94,13,5,'Ретро-2','Широкая линейка размерного ряда, а так же шкафы-купе на заказ по Вашим личным размерам. Большое количество цветовых решений.',NULL,'мебель воронеж, шкафы-купе, шкафы-купе на заказ, качественная мебель','2018-11-27 12:10:03','/images/products/custom-made/Retro_2.jpg',NULL),(95,9,5,'Визит','Габариты: 1000 х 2216 х 520 мм. Большое количество расцветок.',NULL,'мебель воронеж, прихожая, компактная прихожая, качественная мебель','2018-11-27 12:19:53','/images/products/custom-made/Vizit.jpg',NULL),(96,9,5,'Визит-2','Габариты: 1340 х 2216 х 550 мм. Большое количество расцветок.',NULL,'мебель воронеж, прихожая, компактная прихожая, качественная мебель','2018-11-27 12:21:15','/images/products/custom-made/Vizit_2.jpg',NULL),(97,9,5,'Гала','Габариты: 1050 х 2200 х 440 мм. Большое количество расцветок.',NULL,'мебель воронеж, прихожая, компактная прихожая, качественная мебель','2018-11-27 12:39:00','/images/products/custom-made/Gala.jpg',NULL),(98,9,5,'Гала-2','Габариты: 1550 х 2200 х 440 мм. Большое количество расцветок.',NULL,'мебель воронеж, прихожая, компактная прихожая, качественная мебель','2018-11-27 12:39:56','/images/products/custom-made/Gala_2.jpg',NULL),(99,9,5,'Глория-2','Габариты: 1600 х 2390 х 400 мм. Большое количество расцветок.',NULL,'мебель воронеж, прихожая, компактная прихожая, качественная мебель','2018-11-27 12:41:17','/images/products/custom-made/Глория2.jpg',NULL),(100,9,5,'Глория-3','Габариты: 1974 х 2172 х 355 мм. Большое количество расцветок.',NULL,'мебель воронеж, прихожая, модульная прихожая, компактная прихожая, качественная мебель','2018-11-27 12:42:40','/images/products/custom-made/гллория-2.png',NULL),(101,9,5,'Перфект','Габариты: 2000 х 2200 х 600 мм. Большое количество расцветок.',NULL,'мебель воронеж, прихожая, вместительная прихожая, качественная мебель','2018-11-27 12:43:56','/images/products/custom-made/perfekt.jpg',NULL),(102,9,5,'Фрегат-2','Угловая прихожая. Большое количество расцветок.',NULL,'мебель воронеж, прихожая, модульная прихожая, компактная прихожая, качественная мебель','2018-11-27 12:45:40','/images/products/custom-made/fregat_2.jpg',NULL),(103,9,5,'Фрегат-3','Угловая прихожая. Большое количество расцветок.',NULL,'мебель воронеж, прихожая, модульная прихожая, компактная прихожая, качественная мебель','2018-11-27 12:46:18','/images/products/custom-made/fregat_3.jpg',NULL),(104,14,5,'Анастасия-2','Модульные кухни на заказ. Огромный выбор материалов и цветовых решений.',NULL,'мебель воронеж, кухня, функциональная кухня, модульная кухня, мебель на заказ','2018-11-27 12:54:01','/images/products/custom-made/Anastasia_2.jpg',NULL),(105,14,5,'Анастасия-3','Модульные кухни на заказ. Огромный выбор материалов и цветовых решений.',NULL,'мебель воронеж, кухня, функциональная кухня, модульная кухня, мебель на заказ','2018-11-27 12:54:39','/images/products/custom-made/Anastasia_3.jpg',NULL),(106,14,5,'Карина','Модульные кухни на заказ. Огромный выбор материалов и цветовых решений.',NULL,'мебель воронеж, кухня, функциональная кухня, модульная кухня, мебель на заказ','2018-11-27 12:55:11','/images/products/custom-made/karina.jpg',NULL),(107,14,5,'Карина-3','Модульные кухни на заказ. Огромный выбор материалов и цветовых решений.',NULL,'мебель воронеж, кухня, функциональная кухня, модульная кухня, мебель на заказ','2018-11-27 12:55:48','/images/products/custom-made/Karina-3.jpg',NULL),(108,14,5,'Мария-3','Модульные кухни на заказ. Огромный выбор материалов и цветовых решений.',NULL,'мебель воронеж, кухня, функциональная кухня, модульная кухня, мебель на заказ','2018-11-27 12:56:35','/images/products/custom-made/maria_3.jpg',NULL),(109,15,3,'Alias','Композиция Alias может иметь спальное место 900, 1200 или 1400 мм на 2000 мм. От этого зависит длина общей конструкции. Множество цветовых решений.',NULL,'мебель воронеж, гостиная, спальня, трансформер, функциональная гостиная, мебель трансформер','2019-01-18 14:04:50','/images/products/smarty/Алиас.jpg','2019-01-18 14:09:00'),(110,15,3,'Dolce','Композиция Dolce может иметь спальное место 900, 1200 или 1400 мм на 2000 мм. От этого зависит длина общей конструкции. Множество цветовых решений.',NULL,'мебель воронеж, гостиная, спальня, трансформер, функциональная гостиная, мебель трансформер','2019-01-18 14:06:38','/images/products/smarty/Дольче.jpg','2019-01-18 14:09:00'),(111,1,3,'srgrs','esf',NULL,'sefs','2019-01-22 17:20:53',NULL,'2019-01-22 17:21:28'),(112,9,4,'Ольга','Модульная система для прихожей \"Ольга\". Можно создать свою прихожую нужного размера и удобной именно для Вас комплектации.',NULL,'мебель воронеж, прихожая, модульная прихожая, компактная прихожая, качественная мебель','2019-01-25 11:30:45','/images/products/premium/Ольга инт 1.jpg',NULL),(113,9,4,'Ольга-2','Модульная система для прихожей \"Ольга\". Можно создать свою прихожую нужного размера и удобной именно для Вас комплектации.',NULL,'мебель воронеж, прихожая, модульная прихожая, компактная прихожая, качественная мебель','2019-01-25 11:29:06','/images/products/premium/Прихожая Ольга интерьер.png',NULL),(114,5,4,'Мария-Луиза','Модульная система для спальни \"Мария-Луиза\".',NULL,'мебель воронеж, классический стиль, функциональная, спальня, качественная мебель','2019-01-25 11:42:14','/images/products/premium/Спальня Мария-Луиза в интерьере 2.jpg',NULL),(115,5,4,'Мария-Луиза-2','Модульная система для спальни \"Мария-Луиза\".',NULL,'мебель воронеж, классический стиль, функциональная, спальня, качественная мебель','2019-01-25 11:43:34','/images/products/premium/╨б╨┐╨░╨╗╤М╨╜╤П ╨Ь╨░╤А╨╕╤П-╨Ы╤Г╨╕╨╖╨░ ╨▓ ╨╕╨╜╤В╨╡╤А╤М╨╡╤А╨╡.jpg',NULL),(116,5,4,'Мария-Луиза трюмо','Модульная система для спальни \"Мария-Луиза\".',NULL,'мебель воронеж, классический стиль, функциональная, спальня, качественная мебель','2019-01-25 11:45:06','/images/products/premium/╨б╨┐╨░╨╗╤М╨╜╤П ╨Ь╨░╤А╨╕╤П-╨Ы╤Г╨╕╨╖╨░ ╨▓ ╨╕╨╜╤В╨╡╤А╤М╨╡╤А╨╡ 1.jpg',NULL),(117,5,4,'Жозефина','Модульная система для спальни \"Жозефина\".',NULL,'мебель воронеж, классический стиль, функциональная, спальня, качественная мебель','2019-01-25 13:12:41','/images/products/premium/Жозефина.jpg','2019-01-25 13:28:06'),(118,4,4,'Мария-Луиза','Гостиная в классическом стиле \"Мария-Луиза\"',NULL,'мебель воронеж, классический стиль, функциональная гостиная, качественная мебель','2019-01-25 13:04:48','/images/products/premium/СМЛ.jpg',NULL),(119,4,4,'Жозефина','Гостиная в классическом стиле \"Жозефина\"',NULL,'мебель воронеж, классический стиль, функциональная гостиная, качественная мебель','2019-01-25 13:09:14','/images/products/premium/Интерьер Гостиной Жозефина урез.png',NULL),(120,9,4,'Гретта','Модульная система для прихожей \"Гретта\". Можно создать свою прихожую нужного размера и удобной именно для Вас комплектации.',NULL,'мебель воронеж, прихожая, модульная прихожая, компактная прихожая, качественная мебель','2019-01-25 13:16:26','/images/products/premium/Гретта.jpg','2019-01-25 13:28:06'),(121,9,4,'Гретта','Модульная система для прихожей \"Гретта\". Можно создать свою прихожую нужного размера и удобной именно для Вас комплектации.',NULL,'мебель воронеж, прихожая, модульная прихожая, компактная прихожая, качественная мебель','2019-01-25 13:30:06','/images/products/premium/Гретта.jpg','2019-01-25 13:32:31'),(122,15,3,'Alias (closed)','Композиция Alias может иметь спальное место 900, 1200 или 1400 мм на 2000 мм. От этого зависит длина общей конструкции. Множество цветовых решений.',NULL,'мебель воронеж, мебель трансформер, шкаф кровать, гостиная, спальня, качественная мебель','2019-01-25 13:46:53','/images/products/smarty/full_alias_close.jpg',NULL),(123,15,3,'Alias (opened)','Композиция Alias может иметь спальное место 900, 1200 или 1400 мм на 2000 мм. От этого зависит длина общей конструкции. Множество цветовых решений.',NULL,'мебель воронеж, мебель трансформер, шкаф кровать, гостиная, спальня, качественная мебель','2019-01-25 13:48:02','/images/products/smarty/full_alias_open.jpg',NULL),(124,15,3,'Dolce (closed)','Композиция Dolce может иметь спальное место 900, 1200 или 1400 мм на 2000 мм. От этого зависит длина общей конструкции. Множество цветовых решений.',NULL,'мебель воронеж, мебель трансформер, шкаф кровать, гостиная, спальня, качественная мебель','2019-01-25 14:13:06','/images/products/smarty/full_cmt_3_1200_close.jpg',NULL),(125,15,3,'Dolce (opened)','Композиция Dolce может иметь спальное место 900, 1200 или 1400 мм на 2000 мм. От этого зависит длина общей конструкции. Множество цветовых решений.',NULL,'мебель воронеж, мебель трансформер, шкаф кровать, гостиная, спальня, качественная мебель','2019-01-25 14:14:09','/images/products/smarty/full_cmt_3_1200_open.jpg',NULL),(126,15,3,'Grosso (closed)','Композиция Grosso может иметь спальное место 900, 1200 или 1400 мм на 2000 мм. От этого зависит длина общей конструкции. Множество цветовых решений.',NULL,'мебель воронеж, мебель трансформер, шкаф кровать, гостиная, спальня, качественная мебель','2019-01-25 14:16:53','/images/products/smarty/full_cmt_4_900_close.jpg',NULL),(127,15,3,'Grosso (opened)','Композиция Grosso может иметь спальное место 900, 1200 или 1400 мм на 2000 мм. От этого зависит длина общей конструкции. Множество цветовых решений.',NULL,'мебель воронеж, мебель трансформер, шкаф кровать, гостиная, спальня, качественная мебель','2019-01-25 14:18:02','/images/products/smarty/full_cmt_4_900_open.jpg',NULL),(128,15,3,'Atlas (closed)','Композиция Atlas может иметь спальное место 900, 1200 или 1400 мм на 2000 мм. От этого зависит длина общей конструкции. Множество цветовых решений.',NULL,'мебель воронеж, мебель трансформер, шкаф кровать, гостиная, спальня, качественная мебель','2019-01-25 14:19:06','/images/products/smarty/full_cmt_5_900_close.jpg',NULL),(129,15,3,'Atlas (opened)','Композиция Atlas может иметь спальное место 900, 1200 или 1400 мм на 2000 мм. От этого зависит длина общей конструкции. Множество цветовых решений.',NULL,'мебель воронеж, мебель трансформер, шкаф кровать, гостиная, спальня, качественная мебель','2019-01-25 14:19:57','/images/products/smarty/full_cmt_5_900_open.jpg',NULL),(130,15,3,'Velara (closed)','Композиция Velara может иметь спальное место 900, 1200 или 1400 мм на 2000 мм. От этого зависит длина общей конструкции. Множество цветовых решений.',NULL,'мебель воронеж, мебель трансформер, шкаф кровать, гостиная, спальня, качественная мебель','2019-01-25 14:21:12','/images/products/smarty/full_cmt_j1_1200_close.jpg',NULL),(131,15,3,'Velara (opened)','Композиция Velara может иметь спальное место 900, 1200 или 1400 мм на 2000 мм. От этого зависит длина общей конструкции. Множество цветовых решений.',NULL,'мебель воронеж, мебель трансформер, шкаф кровать, гостиная, спальня, качественная мебель','2019-01-25 14:22:11','/images/products/smarty/full_cmt_j1_1200_open.jpg',NULL),(132,15,3,'Belagio (closed)','Композиция Belagio может иметь спальное место 900, 1200 или 1400 мм на 2000 мм. От этого зависит длина общей конструкции. Множество цветовых решений.',NULL,'мебель воронеж, мебель трансформер, шкаф кровать, гостиная, спальня, качественная мебель','2019-01-25 14:23:07','/images/products/smarty/full_cmt_j2_1200_3_w_close.jpg',NULL),(133,15,3,'Belagio (opened)','Композиция Belagio может иметь спальное место 900, 1200 или 1400 мм на 2000 мм. От этого зависит длина общей конструкции. Множество цветовых решений.',NULL,'мебель воронеж, мебель трансформер, шкаф кровать, гостиная, спальня, качественная мебель','2019-01-25 14:24:00','/images/products/smarty/full_cmt_j2_1200_3_w_open.jpg',NULL),(134,15,3,'Evolution-2 (closed)','Композиция Evolution-2 может иметь спальное место 1200, 1400 или 1600 мм на 2000 мм. От этого зависит длина общей конструкции. Множество цветовых решений.',NULL,'мебель воронеж, мебель трансформер, шкаф кровать, гостиная, спальня, качественная мебель','2019-01-25 14:27:47','/images/products/smarty/Evolution-2 ╤Б╨╗╨╛╨╢╨╡╨╜╨╜╤Л╨╣.JPG',NULL),(135,15,3,'Evolution-2 (opened)','Композиция Evolution-2 может иметь спальное место 1200, 1400 или 1600 мм на 2000 мм. От этого зависит длина общей конструкции. Множество цветовых решений.',NULL,'мебель воронеж, мебель трансформер, шкаф кровать, гостиная, спальня, качественная мебель','2019-01-25 14:36:26','/images/products/smarty/Evolution-2 ╤А╨░╨╖╨╗╨╛╨╢╨╡╨╜╨╜╤Л╨╣ mir.jpg',NULL),(136,15,3,'Brauni (closed)','Композиция Brauni может иметь спальное место 1200, 1400 или 1600 мм на 2000 мм. От этого зависит длина общей конструкции. Множество цветовых решений.',NULL,'мебель воронеж, мебель трансформер, шкаф кровать, гостиная, спальня, качественная мебель','2019-01-25 14:34:02','/images/products/smarty/Brauni_close.jpg',NULL),(137,15,3,'Brauni (opened)','Композиция Brauni может иметь спальное место 1200, 1400 или 1600 мм на 2000 мм. От этого зависит длина общей конструкции. Множество цветовых решений.',NULL,'мебель воронеж, мебель трансформер, шкаф кровать, гостиная, спальня, качественная мебель','2019-01-25 14:35:19','/images/products/smarty/Brauni_open.jpg',NULL),(138,15,3,'Leti (closed)','Композиция Leti может иметь спальное место 1200, 1400 или 1600 мм на 2000 мм. От этого зависит длина общей конструкции. Множество цветовых решений.',NULL,'мебель воронеж, мебель трансформер, шкаф кровать, гостиная, спальня, качественная мебель','2019-01-25 14:38:32','/images/products/smarty/LETI 1.jpg',NULL),(139,15,3,'Leti (opened)','Композиция Leti может иметь спальное место 1200, 1400 или 1600 мм на 2000 мм. От этого зависит длина общей конструкции. Множество цветовых решений.',NULL,'мебель воронеж, мебель трансформер, шкаф кровать, гостиная, спальня, качественная мебель','2019-01-25 14:40:36','/images/products/smarty/LETI 2.jpg',NULL),(140,15,3,'Arion (closed)','Композиция Arion может иметь спальное место 1200, 1400 или 1600 мм на 2000 мм. От этого зависит длина общей конструкции. Множество цветовых решений.',NULL,'мебель воронеж, мебель трансформер, шкаф кровать, гостиная, спальня, качественная мебель','2019-01-25 14:42:50','/images/products/smarty/ARION_close.jpg',NULL),(141,15,3,'Arion (opened)','Композиция Arion может иметь спальное место 1200, 1400 или 1600 мм на 2000 мм. От этого зависит длина общей конструкции. Множество цветовых решений.',NULL,'мебель воронеж, мебель трансформер, шкаф кровать, гостиная, спальня, качественная мебель','2019-01-25 14:43:52','/images/products/smarty/ARION_open.jpg',NULL),(142,9,4,'Гретта','Модульная система для прихожей \"Гретта\". Можно создать свою прихожую нужного размера и удобной именно для Вас комплектации.',NULL,'мебель воронеж, прихожая, модульная прихожая, компактная прихожая, качественная мебель','2019-01-26 13:32:23','/images/products/premium/Безымянный.png',NULL),(143,5,4,'Жозефина','Модульная система для спальни \"Жозефина\".',NULL,'мебель воронеж, классический стиль, функциональная спальня, качественная мебель','2019-01-26 13:36:33','/images/products/premium/Безымянный 1.png',NULL),(144,13,4,'Радиусный шкаф \"Волна\"','Радиусные шкафы-купе готовые модели и на заказ. Множества вариантов размеров и цветовых решений.',NULL,'мебель воронеж, шкафы-купе, шкафы-купе на заказ, радиусный шкаф, качественная мебель, эксклюзивная мебель','2019-02-15 12:57:24','/images/products/premium/2.jpg',NULL),(145,13,4,'Радиусный шкаф \"Волна\" (открытый)','Радиусные шкафы-купе готовые модели и на заказ. Множества вариантов размеров и цветовых решений.',NULL,'мебель воронеж, шкафы-купе, шкафы-купе на заказ, радиусный шкаф, качественная мебель, эксклюзивная мебель','2019-02-15 12:58:12','/images/products/premium/3.jpg',NULL),(146,13,4,'Вогнутый шкаф-купе','Радиусные шкафы-купе готовые модели и на заказ. Множества вариантов размеров и цветовых решений.',NULL,'мебель воронеж, шкафы-купе, шкафы-купе на заказ, радиусный шкаф, качественная мебель, эксклюзивная мебель','2019-02-15 13:00:10','/images/products/premium/1.jpg',NULL),(147,13,4,'Вогнутый шкаф-купе (вариант наполнения 1)','Радиусные шкафы-купе готовые модели и на заказ. Множества вариантов размеров и цветовых решений.',NULL,'мебель воронеж, шкафы-купе, шкафы-купе на заказ, радиусный шкаф, качественная мебель, эксклюзивная мебель','2019-02-15 13:03:21','/images/products/premium/12 (1).jpg',NULL),(148,13,4,'Вогнутый шкаф-купе (вариант наполнения 2)','Радиусные шкафы-купе готовые модели и на заказ. Множества вариантов размеров и цветовых решений.',NULL,'мебель воронеж, шкафы-купе, шкафы-купе на заказ, радиусный шкаф, качественная мебель, эксклюзивная мебель','2019-02-15 13:02:17','/images/products/premium/12 (2).jpg',NULL),(149,13,4,'Выпуклый угловой шкаф 1','Радиусные шкафы-купе готовые модели и на заказ. Множества вариантов размеров и цветовых решений.',NULL,'мебель воронеж, шкафы-купе, шкафы-купе на заказ, радиусный шкаф, качественная мебель, эксклюзивная мебель','2019-02-15 13:04:38','/images/products/premium/5.jpg',NULL),(150,13,4,'Выпуклый угловой шкаф 1 (пример наполнения)','Радиусные шкафы-купе готовые модели и на заказ. Множества вариантов размеров и цветовых решений.',NULL,'мебель воронеж, шкафы-купе, шкафы-купе на заказ, радиусный шкаф, качественная мебель, эксклюзивная мебель','2019-02-15 13:06:16','/images/products/premium/15.jpg',NULL),(151,13,4,'Выпуклый угловой шкаф 2','Радиусные шкафы-купе готовые модели и на заказ. Множества вариантов размеров и цветовых решений.',NULL,'мебель воронеж, шкафы-купе, шкафы-купе на заказ, радиусный шкаф, качественная мебель, эксклюзивная мебель','2019-02-15 13:06:58','/images/products/premium/8.jpg',NULL),(152,13,4,'Выпуклый угловой шкаф 2 (пример наполнения)','Радиусные шкафы-купе готовые модели и на заказ. Множества вариантов размеров и цветовых решений.',NULL,'мебель воронеж, шкафы-купе, шкафы-купе на заказ, радиусный шкаф, качественная мебель, эксклюзивная мебель','2019-02-15 13:07:37','/images/products/premium/16.jpg',NULL),(153,13,4,'Шкаф-купе с радиусным модулем','Радиусные шкафы-купе готовые модели и на заказ. Множества вариантов размеров и цветовых решений.',NULL,'мебель воронеж, шкафы-купе, шкафы-купе на заказ, радиусный шкаф, качественная мебель, эксклюзивная мебель','2019-02-15 13:09:35','/images/products/premium/4.jpg',NULL),(154,13,4,'Выпуклые шкафы-купе','Радиусные шкафы-купе готовые модели и на заказ. Множества вариантов размеров и цветовых решений.',NULL,'мебель воронеж, шкафы-купе, шкафы-купе на заказ, радиусный шкаф, качественная мебель, эксклюзивная мебель','2019-02-15 13:10:14','/images/products/premium/7.jpg',NULL),(155,13,4,'Прямые шкафы-купе','Радиусные шкафы-купе готовые модели и на заказ. Множества вариантов размеров и цветовых решений.',NULL,'мебель воронеж, шкафы-купе, шкафы-купе на заказ, радиусный шкаф, качественная мебель, эксклюзивная мебель','2019-02-15 13:11:04','/images/products/premium/int-1.jpg',NULL),(156,13,4,'Стеллажи','Радиусные шкафы-купе готовые модели и на заказ. Множества вариантов размеров и цветовых решений.',NULL,'мебель воронеж, шкафы-купе, шкафы-купе на заказ, радиусный шкаф, качественная мебель, эксклюзивная мебель','2019-02-15 13:11:38','/images/products/premium/6.jpg',NULL),(157,16,4,'Кровать \"Хаски\"','Габариты: 1942 х 940 х 800 мм. Спальное место: 900 х 1900 мм.',NULL,'мебель воронеж, детская, детская комната, кровать, качественная мебель воронеж','2019-04-11 17:25:03','/images/products/premium/Кровать Хаски.jpg',NULL),(158,16,4,'Шкаф \"Хаски\"','Габариты: 800 х 450 х 2050 мм.',NULL,'мебель воронеж, детская, детская комната, шкаф, качественная мебель воронеж','2019-04-11 17:34:15','/images/products/premium/Хаски.png','2019-04-11 17:35:30'),(159,16,4,'Письменный стол \"Хаски\"','Габариты: 1200 х 600 х 750/950 мм.',NULL,'мебель воронеж, детская, детская комната, письменный стол, качественная мебель воронеж','2019-04-11 17:27:52','/images/products/premium/Стол Хаски.png',NULL),(160,16,4,'Шкаф \"Хаски\"','Габариты: 800 х 450 х 2050 мм.',NULL,'мебель воронеж, детская, шкаф, качественная мебель воронеж','2019-04-11 17:39:20','/images/products/premium/Хаски.jpg','2019-04-11 17:40:22'),(161,16,4,'Шкаф \"Хаски\"','Габариты: 800 х 450 х 2050 мм.',NULL,'мебель воронеж, детская, модульная детская, качественная мебель','2019-04-12 10:35:00','/images/products/premium/Шкаф Хаски.jpg',NULL),(162,4,4,'Атлант','Модульная гостиная.',NULL,'мебель воронеж, гостиная, функциональная гостиная, мебель на заказ','2019-04-12 10:37:02','/images/products/premium/DSC_0024.JPG',NULL),(163,7,5,'Компьютерный стол СК-1','Мебель по индивидуальным эскизам.',NULL,'мебель воронеж, письменный стол, мебель на заказ, качественная мебель','2019-04-12 10:40:10','/images/products/custom-made/ск-1.jpeg',NULL),(164,7,5,'Компьютерный стол СК-2','Мебель по индивидуальным эскизам.',NULL,'мебель воронеж, письменный стол, мебель на заказ, качественная мебель','2019-04-12 10:40:47','/images/products/custom-made/ск-2.jpg',NULL),(165,7,5,'Алиса-2','Мебель по индивидуальным эскизам.',NULL,'мебель воронеж, детская, мебель на заказ, качественная мебель','2019-04-12 10:43:09','/images/products/custom-made/алиса-2.jpg',NULL),(166,4,5,'Бостон-2','Габариты: 2400 х 2100 х 355 мм. Огромный ассортимент цветовых решений.',NULL,'мебель воронеж, гостиная, функциональная гостиная, мебель на заказ','2019-04-16 18:36:03','/images/products/custom-made/Бостон 2.jpg',NULL),(167,9,5,'Оскар','Габариты: 2700 мм. Большое количество цветовых решений.',NULL,'мебель воронеж, прихожая, модульная прихожая, компактная прихожая, качественная мебель','2019-04-16 18:38:03','/images/products/custom-made/Оскар.jpg',NULL),(168,5,4,'Лофт','Современная спальня в стиле лофт',NULL,'мебель воронеж, стиль лофт, спальня, качественная мебель, современная спальня','2020-01-16 10:43:49','/images/products/premium/ИНТЕРЬЕР-СПАЛЬНИ-ЛОФТ-.jpg',NULL),(169,7,6,'Каприз-1','Габариты: 1840 х 1695 х 1102 мм.  Спальное место: 1800 х 800 мм.',NULL,'мебель воронеж, детская комната, детская кровать, кровать-чердак, мебель дёшево','2020-01-17 13:05:52','/images/products/econom/Каприз-1 + Каприз-4.jpg',NULL),(170,7,6,'Каприз-9','Габариты: 2040 х 1695 х 1102/1680 мм.  Спальное место: 2000 х 800 мм.',NULL,'мебель воронеж, детская комната, детская кровать, кровать-чердак, мебель дёшево','2020-01-17 13:07:59','/images/products/econom/Kapriz 9.jpg',NULL),(171,7,6,'Каприз-11','Габариты: 2134 х 1065 х 840 / 1680 мм.  Спальное место: 1900 х 800 мм.',NULL,'мебель воронеж, детская, детская комната, письменный стол, качественная мебель воронеж','2020-01-17 13:09:56','/images/products/econom/Kapriz 11.jpg',NULL),(172,7,6,'Каприз-14','Габариты: 1840 х 1105 х 1034 мм.  Спальное место: 1800 х 800 мм.',NULL,'мебель воронеж, детская, детская комната, кровать, качественная мебель воронеж, мебель дешево','2020-01-17 13:12:12','/images/products/econom/Kapriz 14.jpg',NULL),(173,7,6,'Каприз-5','Габариты: 1840 х 1065 х 1034 / 1680 мм.  Спальное место: 1800 х 800 мм.',NULL,'мебель воронеж, детская комната, детская кровать, кровать-чердак, мебель дёшево','2020-01-17 13:13:42','/images/products/econom/Каприз-5.jpg',NULL),(174,7,6,'Каприз-17','Габариты: 1640 х 800 х 842 мм.  Спальное место: 1600 х 800 мм.',NULL,'мебель воронеж, детская, детская комната, кровать, качественная мебель воронеж','2020-01-17 13:15:18','/images/products/econom/Kapriz 17.jpg',NULL),(175,7,6,'Каприз-19','Габариты: 1840 х 770 х 842 мм.  Спальное место: 1800 х 800 мм.',NULL,'мебель воронеж, детская, детская комната, кровать, качественная мебель воронеж','2020-01-17 13:16:26','/images/products/econom/Kapriz 19.jpg',NULL),(176,5,6,'Квадро-1','Модульная спальня',NULL,'мебель воронеж, спальня, модульная спальня, мебель дешево','2020-01-17 13:42:40','/images/products/econom/KVADRO 1.jpg',NULL),(177,5,6,'Квадро-2','Модульная спальня',NULL,'мебель воронеж, спальня, модульная спальня, мебель дешево','2020-01-17 13:44:38','/images/products/econom/KVADRO 2.jpg',NULL),(178,5,6,'Сити-1','Спальня',NULL,'мебель воронеж, спальня, модульная спальня, мебель дешево, спальня эконом','2020-01-17 13:46:05','/images/products/econom/123 City1 venge bel dub final_p.jpg',NULL),(179,4,6,'Прага-1','Габариты: 3100 х 2020 х 510 мм. Ниша под ТВ: 1100 х 780 мм.',NULL,'мебель воронеж, гостиная, функциональная гостиная, мебель дёшево','2020-01-17 13:51:53','/images/products/econom/П1.png',NULL),(180,4,6,'Прага-2','Габариты: 2300 х 2020 х 510 мм. Ниша под ТВ: 1100 х 780 мм.',NULL,'мебель воронеж, гостиная, функциональная гостиная, мебель дёшево','2020-01-17 13:53:28','/images/products/econom/П2.png',NULL),(181,4,6,'Прага','Габариты: 3100 х 2020 х 510 мм. Ниша под ТВ: 1100 х 780 мм.',NULL,'мебель воронеж, гостиная, функциональная гостиная, мебель дёшево','2020-01-17 13:55:50','/images/products/econom/Прага анкор темный.jpg',NULL),(182,4,6,'Марсель','Модульная гостиная.',NULL,'мебель воронеж, гостиная, функциональная гостиная, мебель дёшево','2020-01-17 13:57:59','/images/products/econom/130 Marsel_02_final_p.JPG',NULL),(183,5,6,'Марсель-1','Модульная спальня',NULL,'мебель воронеж, спальня, модульная спальня, мебель дешево','2020-01-17 13:59:14','/images/products/econom/Marsel ankor svetl интерьер 1.JPG',NULL),(184,5,6,'Марсель-2','Модульная спальня',NULL,'мебель воронеж, спальня, модульная спальня, мебель дешево','2020-01-17 14:00:00','/images/products/econom/Marsel ankor svetl интерьер 2.JPG',NULL),(185,4,6,'Невада-2','Габариты: 1850 х 1870 х 440 мм. Ниша под ТВ: 1150 х 722 мм.',NULL,'мебель воронеж, гостиная, функциональная гостиная, мебель дёшево','2020-01-17 14:07:33','/images/products/econom/Невада-2 + Невада-3.jpg',NULL),(186,4,6,'Невада-5','Габариты: 1520 х 1600 х 440 мм. Ниша под ТВ: 920 х 525 мм.',NULL,'мебель воронеж, гостиная, функциональная гостиная, мебель дёшево','2020-01-17 14:09:20','/images/products/econom/Невада-5.jpg',NULL),(187,4,6,'Невада-7','Габариты: 1664 х 1617 х 515 мм. Ниша под ТВ: 1000 х 590 мм.',NULL,'мебель воронеж, гостиная, функциональная гостиная, мебель дёшево','2020-01-17 14:10:58','/images/products/econom/Невада-7.jpg',NULL),(188,4,6,'Невада-6','Габариты: 1550 х 1490 х 380 мм. Ниша под ТВ: 943 х 764 мм.',NULL,'мебель воронеж, гостиная, функциональная гостиная, мебель дёшево','2020-01-17 14:12:16','/images/products/econom/Невада-6.jpg',NULL),(189,4,6,'Невада-4','Габариты: 1550 х 1608 х 440 мм. Ниша под ТВ: 982 х 759 мм.',NULL,'мебель воронеж, гостиная, функциональная гостиная, мебель дёшево','2020-01-17 14:13:31','/images/products/econom/Невада-4.jpg',NULL),(190,4,6,'Невада-4 + пеналы','Модульная гостиная',NULL,'мебель воронеж, гостиная, функциональная гостиная, мебель дёшево','2020-01-17 14:14:27','/images/products/econom/Невада-4+10+9.jpg',NULL);
/*!40000 ALTER TABLE `product` ENABLE KEYS */;
UNLOCK TABLES;

--
-- Table structure for table `products_colors`
--

DROP TABLE IF EXISTS `products_colors`;
/*!40101 SET @saved_cs_client     = @@character_set_client */;
/*!40101 SET character_set_client = utf8 */;
CREATE TABLE `products_colors` (
  `product_id` int(11) NOT NULL,
  `color_id` int(11) NOT NULL,
  PRIMARY KEY (`product_id`,`color_id`),
  KEY `IDX_448D48B54584665A` (`product_id`),
  KEY `IDX_448D48B57ADA1FB5` (`color_id`),
  CONSTRAINT `FK_448D48B54584665A` FOREIGN KEY (`product_id`) REFERENCES `product` (`id`),
  CONSTRAINT `FK_448D48B57ADA1FB5` FOREIGN KEY (`color_id`) REFERENCES `color` (`id`)
) ENGINE=InnoDB DEFAULT CHARSET=utf8mb4 COLLATE=utf8mb4_unicode_ci;
/*!40101 SET character_set_client = @saved_cs_client */;

--
-- Dumping data for table `products_colors`
--

LOCK TABLES `products_colors` WRITE;
/*!40000 ALTER TABLE `products_colors` DISABLE KEYS */;
INSERT INTO `products_colors` VALUES (1,6),(3,2),(3,3),(3,14),(4,2),(4,14),(5,2),(5,14),(6,2),(6,3),(7,1),(7,2),(8,7),(9,7),(10,7),(11,7),(12,7),(13,7),(14,7),(15,7),(16,7),(17,7),(18,7),(19,7),(20,7),(21,6),(22,6),(23,6),(24,6),(25,6),(26,6),(27,6),(28,6),(29,6),(30,6),(31,6),(32,6),(33,6),(34,6),(35,6),(36,6),(37,6),(38,6),(39,6),(40,6),(41,6),(41,8),(42,6),(42,8),(43,2),(43,3),(44,2),(44,3),(45,7),(46,9),(47,9),(48,9),(49,12),(50,12),(51,12),(52,12),(53,12),(54,12),(55,12),(56,12),(57,12),(58,12),(59,12),(60,12),(61,12),(62,12),(63,13),(64,13),(65,13),(66,13),(67,13),(68,13),(69,13),(70,2),(70,3),(70,14),(71,2),(72,2),(72,3),(72,14),(73,1),(73,2),(74,14),(111,2),(112,12),(113,12),(114,7),(115,7),(116,7),(117,10),(118,7),(119,10),(120,9),(121,11),(142,9),(143,10);
/*!40000 ALTER TABLE `products_colors` ENABLE KEYS */;
UNLOCK TABLES;
/*!40103 SET TIME_ZONE=@OLD_TIME_ZONE */;

/*!40101 SET SQL_MODE=@OLD_SQL_MODE */;
/*!40014 SET FOREIGN_KEY_CHECKS=@OLD_FOREIGN_KEY_CHECKS */;
/*!40014 SET UNIQUE_CHECKS=@OLD_UNIQUE_CHECKS */;
/*!40101 SET CHARACTER_SET_CLIENT=@OLD_CHARACTER_SET_CLIENT */;
/*!40101 SET CHARACTER_SET_RESULTS=@OLD_CHARACTER_SET_RESULTS */;
/*!40101 SET COLLATION_CONNECTION=@OLD_COLLATION_CONNECTION */;
/*!40111 SET SQL_NOTES=@OLD_SQL_NOTES */;

-- Dump completed on 2020-03-17 13:10:36
